id,name,price
da1d7cf1fee166c0b816293bb531cad5,celestron 44320 microscope digital kit mdk,44.55
6166c51799e688b64ea8cc8c9711d765,nerf pocket camcorder - yellow (38056),49.99
AVphzgbJLJeJML43fA0o,sanus vlf410b1 10-inch super slim full-motion mount for 37 - 84 inches tv's,104.99
AVpgMuGwLJeJML43KY_c,boytone - 2500w 2.1-ch. home theater system - black diamond,68.04
AVpfVJXu1cnluZ0-iwTT,"dreamwave - tremor portable bluetooth speaker - green,black",277.39
AVphUeKeilAPnD_x3-Be,ns-sp1800bl 5.1-channel home theater system (black),162.79
AVpi6aLv1cnluZ0-Rv8A,universal remote control - 48-device universal remote - black,260.99
AVpf0Nyo1cnluZ0-rzhu,acoustimass 6 series v home theater speaker system (black),637.39
AWOpOCd2YSSHbkXw07ei,samsung - 850 pro 512gb internal sata iii solid state drive for laptops,237.49
AVpgNkVc1cnluZ0-yJB6,outdoor tech buckshot pro bluetooth speaker,61.88
AVpgGPyq1cnluZ0-wbTJ,motorola wi-fi pet video camera,99.99
AVpfVI9wilAPnD_xZxH-,2tb red 5400 rpm sata iii 3.5 internal nas hdd,89.09
AVpgnnzJilAPnD_xu_7Q,samsung universal 3100mah portable external battery charger - white,18.61
AVpjFAGc1cnluZ0-TWv2,"speakercraft - 6-1/2 in-ceiling speakers (5-pack) - white""",449.99
AVpfLsb-ilAPnD_xWtDE,"kenwood kfc-1653mrw 6.5 2-way marine speakers pair (white)""",74.04
AVpe8D1nLJeJML43yvxK,panamax - 11-outlet surge protector - black,246.98
AVpf3txeLJeJML43FN82,microsoft surface pro 4 type cover with fingerprint id,145.74
AVpfBGsK1cnluZ0-cEkm,niles - ss-4 4-pair speaker selector - black,179.98
AVpfJZfu1cnluZ0-e6h0,"speakercraft - profile crs6 two 6-1/2 in-ceiling speaker (each) - black""",229.98
AV0A-lHuvKc47QAVflgj,corsair vengeance rgb 16gb (2x8gb) ddr4 3200mhz c16 desktop memory - black,196.24
AVpfSgKO1cnluZ0-h5Jx,slidelite camera strap sll-1 (black),43.58
AVpfnp8HLJeJML43AmVi,flipside 300 backpack (black),76.84
AV13iAUYGV-KLJ3aka9M,"samsung - 50 class (49.5"" diag.) - led - 1080p - smart - hdtv""",491.76
AVpgF1BOilAPnD_xnTsK,ihome rechargeable splash proof stereo bluetooth speaker - black (ibt33bc),42.2
AVpfM3TL1cnluZ0-gDuQ,polk audio - 50 w woofer - black,99.99
AVpjQLlKLJeJML43tRja,apple - pre-owned ipad 3 - 64gb - black,357.49
AV2Zq0TUvKc47QAVpH6i,st640p universal tilt wall mount for 32 to 50 displays,65.44
AVpgm2X2ilAPnD_xu0wB,virtually invisible 891 in-wall speakers (pair),599.5
AVzNjFsJvKc47QAVd1TD,avr-x1400h 7.2-channel network a/v receiver,482.88
AVpf24SVLJeJML43FAIX,lenovo - ac adapter for select lenovo yoga laptops - black,28.19
AVphQfSlilAPnD_x3PsG,"elite screens - spectrum series 110 motorized projector screen - black""",264.4
AWLk3Ju4Iwln0LfXl1IO,sony - srs-xb21 portable bluetooth speaker - black,99.33
AVpfvR8QilAPnD_xhYtm,"russound - acclaim 5 series 6-1/2 indoor/outdoor speaker (each) - white""",154.7
AVpfDM-4ilAPnD_xT1W0,sb-2000 12 500w subwoofer (piano gloss black),799.98
AWIsfzRiYSSHbkXwx4H3,"hisense - 55 class - led - h9 series - 2160p - smart - 4k uhd tv with hdr""",679.99
AVpiVYLb1cnluZ0-MQnR,4tb red 5400 rpm sata iii 3.5 internal nas hdd retail kit,139.99
AVpiLlubilAPnD_xBoTa,house of marley smile jamaica in-ear earbuds,20.53
AVpgswjcLJeJML43Ro-G,details about midland wr120c noaa weather alert radio,37.01
AVpfIjJULJeJML433Ga2,jvc kd-x320bts apple ipod and android digital media receiver with bluetooth,78.3
AVphULZ-LJeJML43ZZgr,chief pdrub wall mount for flat panel display 42-71,600.51
AVphBFxt1cnluZ0-9PuF,ps200 a/v component shelf,39.15
AVpf_JaxilAPnD_xlj29,audioquest - golden gate 9.8' rca-to-rca audio cable - black/red,89.99
AVpgEhMNLJeJML43Ich7,panamax - 2-outlet surge protector - white,149.98
AV13V_i2glJLPUi8PFgb,toshiba - 3tb internal serial ata iii hard drive for desktops,139.99
AVpgDPRjilAPnD_xmpMU,yamaha wx-030bl musiccast wireless speaker with wi-fi and bluetooth (black),215.98
AVzNjwZZ-jtxr-f3yc_y,siriusxm sxezr1v1 xm onyx ezr satellite radio receiver with vehicle kit,72.06
AV4GSgsz-jtxr-f3_a37,"details about samsung 24 class hd (720p) smart led tv (un24m4500)""",160.89
AWKXniCGYSSHbkXwyv-f,wi-sp500 wireless in-ear sports headphones (black),79.0
AWAtmJb1uC1rwyj_jU16,"svs - 12 500w powered subwoofer - gloss piano black""",849.98
AVpfzhXiLJeJML43EDfY,yu2 powered desktop speakers (glossy black),199.99
AVpgDCP-1cnluZ0-vmw7,yamaha - micro component system - white,265.72
AV1YFFX1GV-KLJ3adcoq,251 outdoor environmental speakers (white),399.33
AVpfqTlSLJeJML43BXm9,"mtx - dual 4 50w rms loudspeaker (each) - black""",89.99
AVpg8i6NilAPnD_xzQdN,slingbox m2,97.32
AVpfjP9uilAPnD_xdy6-,sony mini digital video cassettes - dvc - 1 hour,17.93
AVpfKRGKLJeJML433rPX,sony srshg1/blk hi-res wireless speaker- charcoal black,165.5
AV00ozTAvKc47QAVgAJM,circle 2 2mp wire-free network camera with night vision,196.67
AVz846Pf-jtxr-f30JIn,samsung-3-pack-connect-home-smart-wi-fi-system-ac1300,291.17
AVpfgGwSLJeJML43-VCn,srs-zr7 wireless speaker,266.5
AVpfKEAuilAPnD_xWKpK,t92uwh portable tripod screen (45x80),141.68
AVwsxeF6U2_QcyX9RyIp,sandisk extreme 500 portable ssd 500gb sdssdext-500g-g25,181.99
AVpiEA1f1cnluZ0-JaoG,"power acoustik - gothic series 10 dual-voice-coil 2-ohm subwoofer - black""",79.3
AVpgbYVjilAPnD_xsSeu,grind headphones with single-button taptech and mic (black),62.46
AVpfCpIGLJeJML431Fud,ve278q 27 widescreen lcd computer display,181.44
AVpfKBx71cnluZ0-fH1m,"martinlogan - dynamo 1000 12 1000-watt powered subwoofer - black""",998.33
AV4GUR_kvKc47QAVrHH8,1tb t5 portable solid-state drive (black),377.44
AVsRhL0knnc1JgDc34iQ,srs-xb40 bluetooth speaker (black),193.83
AVpe7NoG1cnluZ0-Z9sS,sub6 100w 6 active subwoofer (matte gray),219.99
AV1YEAWU-jtxr-f31M0Z,wd - my passport x 3tb external usb 3.0 portable hard drive - black,113.7
AVpfqlKoilAPnD_xf_zJ,econ-s3t-dvd-bk 1-dvdrom to 3-dvd+/-rw dl 24x tower standalone,240.33
AWFFhQ_0Iwln0LfXiOyo,"dell - p2418ht 24 ips led fhd touch-screen monitor - black""",327.97
AV47uhmF-jtxr-f3CbaL,toshiba - 2.0-channel soundbar with 16-watt digital amplifier - black,86.24
AVpgmxCxilAPnD_xuzi5,pelican - progear case for most tablets - black,62.97
AVpgD_KaLJeJML43IT00,audioquest - goldg01r golden gate 1m (3.28 ft.) rca audio cable - red,69.56
AVwvGPRyU2_QcyX9R3FW,xps 8920 tower desktop computer,917.99
AVpfNwcJLJeJML4340X6,leviathan elite gaming soundbar,188.9
AVwjdOdov8e3D1O-nnK9,ubd-m9500 hdr uhd upscaling blu-ray disc player,298.89
AVz8z52avKc47QAVfisq,sony - shake audio system - black,417.99
AVpf4W5_ilAPnD_xj6lg,powershot g5 x digital camera free accessory kit,884.93
AVsSRjYJnnc1JgDc3_lX,sharp - 350w 5-disc mini component system - black,261.89
AVpfBVx6LJeJML430omC,olympus - refurbished 14.0-megapixel digital camera - titanium,219.99
AVpfC1hY1cnluZ0-crMb,audioquest - black lab 26.2' in-wall subwoofer cable - black/white,64.99
AV15fqDs-jtxr-f38R4C,details about netgear nighthawk a7000 (ac1900) dualband wifi usb adapter,72.47
AVphTO5W1cnluZ0-Aygg,adventura sh 140 ii shoulder bag (black),30.94
AV13iKow-jtxr-f38NNS,hisense 50h4d roku 50-inch hd smart dled tv,397.5
AVpg3V8wLJeJML43Ts4d,hoya - evo 77mm antistatic uv super multicoated lens filter - gray,82.15
AVpe641i1cnluZ0-Z2FT,tp-link av500 2-port powerline starter kit,40.32
AVpfRGTrilAPnD_xYeFl,digipower - dual battery charger - gray,59.99
AVpfnuDailAPnD_xfKZY,everest elite 700 around-ear wireless headphones (white),241.02
AVzN0kf1vKc47QAVd1bS,onkyo tx-8270 2 channel network stereo receiver with 4k hdmi,478.27
AVpjI0B41cnluZ0-T5TH,"aw6500 all-weather outdoor speaker (white, single)",206.43
AVpfuJ4pilAPnD_xhDyM,sony lbt-gpx555 mini-system with bluetooth and nfc,448.41
AVpfCQslilAPnD_xThwe,m80uwh manual series projection screen (39.6 x 69.6),79.48
AVpe9BGF1cnluZ0-annA,prime three-way center channel speaker (premium black ash),349.98
AVpg0p2hilAPnD_xxtzj,ns-6490 bookshelf speaker (pair),136.77
AVpfBBiOLJeJML430hSK,leica dg vario-elmar 100-400mm f/4-6.3 asph. power o.i.s. lens,1574.28
AVphHrlRilAPnD_x1hnm,mh30 foldable on-ear headphones (brown/silver),299.49
AV_OF0yrHh53nbDRAGw0,"samsung - 49 class - led - q6f series - 2160p - smart - 4k uhd tv with hdr""",1063.42
AVpe7V2GLJeJML43yfVz,corsair - ax760 760-watt atx power supply - black,169.99
AVpgo1_p1cnluZ0-4URp,"klipsch - reference soundbar with 10 wireless subwoofer - black""",799.99
AVpfQo04ilAPnD_xYUlo,denaq - 8-cell lithium-ion battery for select hp pavilion laptops,86.18
AVpf8j7-ilAPnD_xk7Yr,sima ssw-6 1 x 6 speaker selector with impedance protection,42.99
AVpi-P111cnluZ0-SVqq,clarity - super-loud phone ringer - white,38.06
AVpivePGilAPnD_xHH0l,the rebel bt on-ear wireless bluetooth headphones (black),41.21
AVpio2wSilAPnD_xGGln,crx-322 cd receiver,249.97
AVpfIk3ailAPnD_xVq7m,yamaha rx-v379bl 5.1-channel av receiver (black),200.97
AV1TxaKHglJLPUi8H7G7,netgear ac1000 dual band smart wifi router,58.4
AVzSv0OV-jtxr-f3yibR,"lg - 75 class - led - uj6470 series - 2160p - smart - 4k uhd tv with hdr""",2217.26
AVqVGZS6QMlgsOJE6eUd,apple - pre-owned ipad 3 - 32gb - white,312.49
AVpgjaudilAPnD_xuDKC,belkin travel rockstar surge protector with 2 ac outlets,27.44
AVpi7IY9ilAPnD_xIvXb,yamaha - musiccast 5.1-ch. 4k ultra hd a/v home theater receiver - black,599.98
AVpfNt_8LJeJML434zkv,"kef - dual 4-1/2 2-1/2-way center-channel speaker - black""",399.99
AVpjZNprLJeJML43ul48,zubie - in-car wi-fi and vehicle monitoring device - black,99.99
AVpgDQLQLJeJML43IHSM,ecoxgear ecoxbt waterproof bluetooth speaker,71.56
AVpg59zyilAPnD_xyv3y,ns-iw480cwh in-ceiling 8 natural sound three-way speaker system (pair),165.78
AVpfCmFjLJeJML431EzG,logitech ultrathin touch mouse t630 for windows 8 touch gestures,48.33
AVpffLmi1cnluZ0-lmL2,"rand mcnally 0528011715 intelliroute 7 tnd 730 gps unit""",346.26
AVpfctE8LJeJML439Zky,"samsung 55 class 4k (2160p) smart led tv (un55ku7000)""",878.66
AVpfRBBK1cnluZ0-hbKE,"startech vga video extender over cat5, point to point",139.29
AVph3jx0LJeJML43fun-,zte - spro 2 wireless smart dlp projector - silver,414.81
AWImaqdkIwln0LfXkAw8,tivo - bolt vox 1tb dvr and streaming player - black,299.98
AVpfIbAvilAPnD_xVneb,"logitech focus case with integrated keyboard for ipad mini 4, dark blue",71.31
AVphMo6qLJeJML43X_DA,32gb high speed uhs-i sdhc u3 memory card (class 10),40.86
AWFFh3tBYSSHbkXwwEem,prosafe 16-port gigabit desktop switch,83.74
AVzxuI1IvKc47QAVfTmW,quickfit 26 stainless steel watch band (slate gray),149.99
AV13Evy9-jtxr-f38Bqf,wd - se 2tb internal serial ata hard drive for desktops (oem/bare drive),237.29
AWImYplsIwln0LfXkAqt,tp-link archer t9e ac1900 wireless wifi pcie network adapter card for pc,70.76
AV1YFCmuvKc47QAVgpxK,151 se outdoor environmental speakers (white),278.99
AV03evT5glJLPUi8Huad,jbl everest 710 silver over-ear wireless bluetooth headphones (silver),228.32
AVpjXDoTLJeJML43uR72,yamaha - 30w desktop audio system - brick,388.77
AVpftHW_ilAPnD_xgvny,logitech circle black portable wifi video monitoring camera webcam,156.13
AVpgvd_DilAPnD_xwvk1,yamaha - micro component system - black,187.48
AWN6PKWauC1rwyj_rgtt,samsung - 850 pro 1tb internal sata iii solid state drive for laptops,464.5
AV43KcK0vKc47QAVtMR-,sandisk - high endurance 64gb microsdxc memory card,37.7
AV9GdE90uC1rwyj_gGmd,flyer wireless fitness headphones (nightfall blue),117.97
AV4GShTMvKc47QAVrFsX,"samsung - 40 class (39.5"" diag.) - led - 1080p - smart - hdtv""",357.29
AVqkGdpennc1JgDc3kGq,amps air bluetooth wireless earbuds (rose gold),150.55
AWKug03QuC1rwyj_p5PQ,alpha a6500 mirrorless digital camera (body only),1606.6
AVpgNkrG1cnluZ0-yJG5,"alpine spr-60 6-1/2 coaxial 2-way type-r speaker set""",139.34
AWOTVpQiIwln0LfXm3OV,canon ef 100mm f/2.8l is usm macro lens for canon digital slr cameras,855.1
AVphQEwo1cnluZ0-AORx,"kanto living 8 powered subwoofer -gloss white""",267.99
AVpgMgec1cnluZ0-x4yw,"martinlogan motion 6 center channel speaker (piano black, each)",241.26
AVpgFmiJLJeJML43IuFR,"planet audio - 6.2 - bluetooth - in-dash dvd receiver - black""",103.15
AVzNkGvq-jtxr-f3yc_7,xfx amd radeon rx 580 8gb gddr5 pci express 3.0 graphics card,354.99
AVzNi793GV-KLJ3aarCf,iogear wireless screen sharing and miracast kit (gwsskit),59.99
AV225TMGGV-KLJ3amXke,sandisk - ultra 500gb internal sata solid state drive for laptops,165.67
AVpfW8Rx1cnluZ0-jUky,cerwin vega - sl series 2-way center-channel speaker - black,129.66
AVpggreMilAPnD_xtbbX,grace digital - 50w 2.0-ch. amplifier - black,83.35
AV1YmsYevKc47QAVgsiH,g-technology g-drive usb 3.0 6tb external hard drive (0g03674),209.85
AVpgpGHpilAPnD_xvVrJ,"ultimate keyboard case for ipad 2nd, 3rd, 4th gen",87.58
AVqkHRVgv8e3D1O-leK7,"ecojam waterproof bluetooth speaker, black",117.74
AVzJpZsEvKc47QAVd0bp,goal zero nomad 7 plus solar panel,93.31
AVpftuv7LJeJML43CYrQ,gear 360 spherical vr camera,232.99
AVphzZkJ1cnluZ0-Gkcq,sennheiser - earbud headphones - black,713.98
AV1eR5GMglJLPUi8IeuR,m.zuiko digital ed 40-150mm f/4-5.6 r lens (silver),143.06
AWLwDO9uYSSHbkXwz54e,sony - wh-ch700n wireless noise canceling over-the-ear headphones - black,199.0
AVpfEV5X1cnluZ0-dMjG,ecoxgear ecoxbt rugged and waterproof wireless bluetooth speaker (orange),68.05
AVpgxWfqilAPnD_xxHPQ,kenwood kmm-bt315u digital media receiver with built-in bluetooth (black),76.95
AV1eC51UGV-KLJ3ad1SR,"aoc - 18.5 led monitor - black""",69.97
AWOUVe5cuC1rwyj_rmlB,sony selp18105g e pz 18-105mm f4 g oss,574.0
AVpfHjh7LJeJML432w1s,actiontec 300 mbps wireless-n adsl modem router (gt784wn),65.61
AV03h86AglJLPUi8HubU,27 imac with retina 5k display (mid 2017),1881.46
AV2ZzhzPvKc47QAVpILc,logitech ipad pro 12.9 inch keyboard case slim combo with detachable,143.79
AVphmTvJilAPnD_x7OWR,siriusxm commander touch full-color,101.04
AVqVGRdfnnc1JgDc3jFH,128gb ipod touch (space gray) (6th generation),334.74
AVqVGRbUQMlgsOJE6eTI,apple ipod touch 128gb blue,323.13
AV1YFzciGV-KLJ3adc6c,logitech - harmony home hub - black,91.09
AVphVKVzLJeJML43ZmR5,lumimuse 6 on-camera led light (black),72.44
AVpg1SfD1cnluZ0-64B0,details about aiwa exos9 portable bluetooth speaker,313.47
AVqVHMYcv8e3D1O-ldLY,dna 15 slim messenger bag (graphite),159.95
AVpikPJcLJeJML43m5wF,7.2ch avr with wifi _ bluetooth 2 hdmi outputs 90 watts/ch.,485.1
AVpfsNQ7ilAPnD_xge4U,mcr-b043 30w bluetooth wireless music system (red),262.59
AVpg9lcJ1cnluZ0-8h3k,pro-series 49-class full hd outdoor led tv (silver),4295.78
AV4GTdlEglJLPUi8SdA1,avr-x3400h 7.2-channel network a/v receiver,881.66
AVzYfJRcglJLPUi8F5Uj,hd 4.40 bt wireless bluetooth headphones,132.74
AVpiKAs11cnluZ0-KdHN,yamaha - micro component system - blue,265.41
AWAGKRlGuC1rwyj_i7lX,details about netgear 16 x 4 docsis 3.0 cable modem black,131.12
AV8QE3vIHh53nbDR-rKL,sony - high power xb60 portable bluetooth speaker - black,252.24
AVqkGc1hnnc1JgDc3kGh,monster - isport achieve in-ear wireless headphones - green,54.98
AVpf9PmlLJeJML43GkHw,niles - 6-pair speaker selector with volume control - black,619.98
AWMZjqTQYSSHbkXw0Ixv,under armour sport wireless flex neckband in-ear headphones,129.97
AV6WsidFHh53nbDR8zM6,corsair - mm800 polaris rgb gaming mouse pad - black,62.19
AVqlHaVUU2_QcyX9O3HO,lenovo yoga mouse,55.06
AVpftXzx1cnluZ0-p0l1,audioquest - black lab 16.4' in-wall subwoofer cable - black/white,49.99
AVqVHk8CU2_QcyX9Ozm7,jbl under armour sport wireless heart rate in-ear headphones black,138.26
AWABuY0rHh53nbDRBgDF,jbl - free true wireless in-ear headphones - black,141.97
AVpfuKrv1cnluZ0-qEUv,"mtx audio - mtx 8 225w 2-way speaker (each) - black""",194.59
AVpfB5iqLJeJML4301b0,audio video shelf,53.67
AVpgu2kUilAPnD_xwnW2,bose® - virtually invisible® 591 in-ceiling speakers (pair) - white,449.66
AVpf9hex1cnluZ0-uLdV,grace digital - 100w 2.0-ch. amplifier - black,138.92
AV1a7aO8glJLPUi8IT3S,22 widescreen full hd 1080p led monitor,132.61
AVpgcZI71cnluZ0-1hzG,motorola focus85-b wi-fi hd home monitoring camera with remote pan,117.96
AVpgVswtLJeJML43MkOa,my cloud expert series ex4100 24tb 4-bay nas server (4 x 6tb),1268.16
AVpgBE3vilAPnD_xmE-L,65 ultra-light carbon fiber tripod with ball head (black),128.71
AVpfVBkx1cnluZ0-itvy,14 checkpoint friendly laptop case,36.42
AVpfrWiiLJeJML43BsIU,skeleton housing for hero3 / hero3+ / hero4,50.77
AV1YuBRZvKc47QAVgyox,avr-s530bt 5.2-channel a/v receiver,258.15
AVpfzWqfLJeJML43EAZ6,sigma - 35mm f/1.4 dg hsm art standard lens for canon - black,863.51
AVpfviwZ1cnluZ0-qdsr,sonax pm-2200 wall mount stand for 28-inch to 50-inch tv,35.99
AWAiMCX3YSSHbkXwsOKR,sennheiser - hd 660 s over-the-ear headphones - matte black and anthracite,499.96
AVpfJpzM1cnluZ0-e_8n,sl-15 floorstanding speaker,449.5
AWInAvU5YSSHbkXwx3jO,hauppauge - wintv-dualhd cordcutter - black,69.99
AVpfbCN8LJeJML4388_I,"yamaha - natural sound 5 2-way all-weather outdoor speakers (pair) - white""",86.36
AVqkGUKCnnc1JgDc3kFi,amps air bluetooth wireless earbuds (rich teal),129.83
AVqkGUN4QMlgsOJE6fUA,amps air bluetooth wireless earbuds (deep blue),159.99
AVpfn6gvLJeJML43ArYZ,boytone - portable bluetooth speaker - blue,23.82
AWACP5ONKZqtpbFMVBp2,gtk-xb90 bluetooth speaker,378.8
AVpglCVC1cnluZ0-3dD_,vectros bumper for 13 macbook pro retina (black),48.97
AVpjSFMB1cnluZ0-VJAz,onkyo - 5.1-ch. home theater system - black,355.75
AVzRP92MGV-KLJ3aat8K,rx-v583 7.2-channel network a/v receiver,447.44
AVpfQjb11cnluZ0-hRb7,kenwood cd single din in-dash bluetooth car stereo receiver kdc-bt365u,83.49
AVpfW_IOLJeJML437y99,panamax - 8-outlet power conditioner/surge protector - black,144.48
AVpe_9aLilAPnD_xStSC,sp-c22 andrew jones designed center channel speaker,95.85
AVs4jJ0Vnnc1JgDc4w40,mu8000-series 65-class hdr uhd smart led tv,1798.99
AVwsxGm8v8e3D1O-obxP,corsair - hd series 120mm case cooling fan kit with rgb lighting,82.99
AVpiVxZxLJeJML43ku3l,"martinlogan - helos 22 6-1/2 in-ceiling speaker (each) - paintable white""",449.99
AVphZlybLJeJML43acoM,definitive technology - 300w 2.0-ch. wireless amplifier - black,499.98
AWLX-WNUHh53nbDRJHPV,jbl inspire 700 in-ear wireless sport headphones with charging case (black),67.57
AV1YFoi0GV-KLJ3adc20,one system cabinet,55.39
AVwjePzSnnc1JgDc5uUm,alpine electronics pwe-s8-wra powered subwoofer for 2011-up jeep wrangler,474.92
AV_GG3MWuC1rwyj_hFdU,tivo - bolt vox 3tb dvr and streaming player - black,499.98
AV4GQSPzGV-KLJ3ankeZ,"samsung - 32 class (31.5"" diag.) - led - 720p - smart - hdtv""",230.27
AVpggL_W1cnluZ0-2Wfp,apple md825am/a lightning to vga adapter for iphones,37.47
AVpiAzN7ilAPnD_x_wOJ,bowers and wilkins - p7 over-the-ear headphones - black,353.24
AVpfXQQl1cnluZ0-jahZ,r-s202 stereo receiver with bluetooth (black),139.09
AVpgkllpLJeJML43Py1L,"power acoustik pmd-102x 10.1 ceiling-mount swivel monitor with dvd""",175.68
AVpfm9HsilAPnD_xe7y2,sony str dn860 7.2 channel 165 watt receiver,447.49
AVpfuCQ31cnluZ0-qBrU,e100 1080p dash camera,63.41
AVpfzDgKilAPnD_xidYN,pp999 phono preamplifier,20.6
AVs4UxVHU2_QcyX9P_Gp,"sony - 55 class - oled - a1e series - 2160p - smart - 4k uhd tv with hdr""",3366.64
AV_ba_o6KZqtpbFMUCCq,s-view flip cover for galaxy note 8 (orchid gray),39.02
AVpfyQ_YilAPnD_xiPQK,yu2 powered desktop speakers (matte black),186.66
AV0-JbjHvKc47QAVgW-C,wacom cs610pk bamboo sketch,66.94
AVqkE0Btnnc1JgDc3j2N,logitech - harmony 950 universal remote - black,237.82
AVpe725Q1cnluZ0-aMmi,viper 7153v 1-way 5-button supercode replacement remote for 5701,34.57
AVpgAGr5LJeJML43HSLN,sanus - visionmount universal projector ceiling mount - black,107.42
AVpfcg0ZLJeJML439WX4,grace digital - 3play bluetooth audio adapter - black,34.49
AVpfzq-I1cnluZ0-rpaL,leef liacmwk000e1 iaccess ios microsd card reader,32.46
AVqVHD82v8e3D1O-ldKQ,sony sel85f18 85mm f/1.8-22 medium-telephoto fixed prime camera lens,582.0
AV2ZpUa5GV-KLJ3al15t,logitech - harmony 665 10-device universal remote - black,56.66
AVphmbil1cnluZ0-EUEQ,"kate spade new york - glitter sleeve for 13 apple® macbook® - rose gold""",58.74
AVqVGaYQQMlgsOJE6eVH,"details about razer blade laptop 14 full hd (i77700hq""",1665.99
AVpg9Nkk1cnluZ0-8ch9,v-moda - crossfade m-100 over-the-ear headphones - shadow,268.32
AV1YFGgCglJLPUi8IGRI,alpine cdesxm145bt advanced bluetooth cd / siriusxm receiver,171.79
AV161e3vglJLPUi8PSYO,"12 macbook (mid 2017, gold)",1508.99
AV01UxMTglJLPUi8Hmm4,"lg - 28 class (27.5"" diag.) - led - 720p - hdtv""",151.46
AV1YDL4H-jtxr-f31Mno,seagate backup plus ultra slim 2tb portable external hard drive,92.73
AWLI-DTQYSSHbkXwzTxw,"insignia 47 - 80"" full motion tv wall mount""",99.99
AWOpMDbqYSSHbkXw06lc,startech - 2 port pci ide controller adapter card - green,45.49
AVpfFAfQilAPnD_xUdv6,epson ex5250 pro wireless business projector,529.98
AVphqMhzilAPnD_x74hF,ecoxgear - soljam portable bluetooth speaker - black,134.29
AVpfgTSGLJeJML43-Yy5,"kanto - sub6 6 80w powered subwoofer - gloss black""",223.32
AVpe_X7milAPnD_xSgIr,niles - os5.3 2-way indoor/outdoor speakers (pair) - black/white,246.59
AVpfhSF91cnluZ0-mNRI,reference r-10b 250w 2.1-channel soundbar speaker system (black),549.33
AVpgtLbCLJeJML43RvK9,klipsch aw-4i in-ear headphones,59.0
AVpgbeEu1cnluZ0-1Vog,"dual - 10 single-voice-coil 4-ohm subwoofer with enclosure - black/silver""",70.64
AVpg49gDLJeJML43UBqN,a-s501 integrated amplifier (black),549.97
AV0A83DzglJLPUi8HH2E,silicondust hdhomerun-hd-television-tuner,93.21
AVphWBfLilAPnD_x4RvC,"yamaha - 6-1/2 130-watt powered subwoofer - black""",249.97
AVpfnzhaLJeJML43ApO5,samsung j1 (verizon lte prepaid),58.46
AV__PG32YSSHbkXwrxa5,j5202-series 43-class full hd smart led tv,354.42
AV1Ym558-jtxr-f31P3L,"lg - 65 class - led - sj8500 series - 2160p - smart - 4k uhd tv with hdr""",1773.61
AVpfCX0c1cnluZ0-cher,h6 handy recorder kit with resident audio r100 headphones,417.26
AVvp6M9Jnnc1JgDc5doN,vxi - blueparrott b450-xt bluetooth headset - black,134.92
AVzvXKvwglJLPUi8Gz8a,nvidia - shield wireless controller - black,59.99
AVqkEzW9U2_QcyX9O0Gr,seagate - backup plus 5tb external usb 3.0 portable hard drive - silver,146.72
AVpe56FkLJeJML43x9WO,sanus - speaker stands (pair) - black,53.39
AVpfno8_LJeJML43AmB-,j5create - vga to hdmi video adapter - white,34.95
AVpfAhIdLJeJML430Vxn,skw-204 10 230w powered subwoofer,158.15
AVqVGTXxv8e3D1O-ldEq,insignia ns-hdrad2 tabletop hd radio,34.77
AV1ETcIIGV-KLJ3adLhv,sharp - 5-disc micro system - black,179.99
AVwvEaC8U2_QcyX9R3Eh,apple - pre-owned ipad mini 4 - 16gb - space gray,314.99
AVpfGpvO1cnluZ0-d_P8,jbl cinema sb350 soundbar system,317.46
AVpgAjWbLJeJML43HZ6g,v-moda - crossfade m-100 over-the-ear headphones - black,251.42
AVpge6k2LJeJML43OhAl,sennheiser hd 558 over ear headphones hd558 - authorized dealer,102.96
AVwjdvlHv8e3D1O-nnLR,xb550ap extra bass headphones (black),50.16
AV1YFizWvKc47QAVgp_J,1tb wd black mobile oem hard drive (wd10jplx),71.62
AVpixlT01cnluZ0-QjcQ,e1659fwu 16 widescreen usb 3.1 gen 1 powered led backlit lcd monitor,105.91
AVqVGHKQnnc1JgDc3jDC,samsung j3 - verizon prepaid,84.98
AVpikV2EilAPnD_xFZZC,rode - ntg1 condenser shotgun microphone,344.68
AV03XQcRglJLPUi8HuMv,virb 360 action camera,777.1
AVqkGbtyU2_QcyX9O0XN,audioquest nightowl carbon closed-back around-the-ear headphones,574.98
AVpikdr9ilAPnD_xFago,"svs - 12 800w powered subwoofer - black oak veneer""",1399.98
AVpfxTMl1cnluZ0-q9iM,audioquest - rje vodka 2.5' ethernet cable - black/blue,249.99
AVphDO5L1cnluZ0-9rFl,jbl flip 3 splashproof portable bluetooth speaker (teal),179.98
AVpgSZ-x1cnluZ0-zWGy,"electric125h spectrum motorized projection screen (61 x 109, 110v, 60hz)",253.08
AVsRhLwTv8e3D1O-lxO6,srs-xb40 bluetooth speaker (blue),182.45
AVpgnxYZLJeJML43Qghp,startech.com - dvi dual-monitor usb 3.0 docking station - black / silver,179.86
AVqVGlGynnc1JgDc3jIv,apple iphone se gold 16gb for sprint ( mly92ll/a ),84.2
AVpg6UJcilAPnD_xy0ZF,verizon lg transpyre 4g lte prepaid smartphone,63.74
AVqVGTsvv8e3D1O-ldE2,veranda series 55-class uhd outdoor led tv,1999.5
AVpe67lH1cnluZ0-Z3GK,pdwm1904 single-channel wireless system with headset lavalier microphones,89.34
AV03erfhglJLPUi8Huac,jbl everest 310 on-ear wireless bluetooth headphones (gun metal),181.08
AVwjvvLpQMlgsOJE8qvo,aftershokz sportz titanium open ear wired bone conduction headphones,60.04
AVpgTbxs1cnluZ0-zl6s,ef-610 dg st flash for sony/minolta cameras,165.66
AVqkEX69nnc1JgDc3jxg,netgear nighthawk x10 ad7200 802.11ac/ad quad-stream wifi router,442.58
AVpgshBg1cnluZ0-5JlU,epson powerlite 740hd lcd projector - 720p - hdtv - 16:10 v11h764020,448.13
AV4GUDX1-jtxr-f3_cO3,samsung - galaxy j7 4g lte with 16gb memory cell phone (unlocked) - black,199.98
AVpgIKYELJeJML43JV9V,ht-xt2 170w 2.1-channel tv speaker base (black),186.45
AVqkGSNtv8e3D1O-ld_h,sol republic - amps air true wireless in-ear headphones - black,165.32
AVpjClDyLJeJML43rZxv,lenovo - yoga wireless optical mouse - black,48.97
AVpgpoWBilAPnD_xvdpa,photo hatchback series bp 150 aw ii backpack (black/gray),67.13
AV0WC9GIglJLPUi8HSdr,aventage rx-a1070 7.2-channel network a/v receiver,1098.32
AVpf1Yl5ilAPnD_xjIAW,audioquest - golden gate 6.6' analog rca cable - red,79.98
AVpiBT8VLJeJML43hWwi,mcr-b043 30w bluetooth wireless music system (black),248.71
AVqVGTtCv8e3D1O-ldE3,signature series 43-class uhd outdoor led tv (black),2799.5
AV2Z092TGV-KLJ3al2Mv,phantom 410 mid-tower case (gunmetal),86.33
AVpfhMJ9ilAPnD_xdMFC,"disappearing series di 5.5s 2-way speaker (single, 5.25 driver)",249.49
AVpfcba7LJeJML439U5t,"svs - 12 800w powered subwoofer - gloss piano black""",1399.98
AWAGKJ6fuC1rwyj_i7km,sandisk - 120gb internal sata solid state drive for laptops,57.42
AV13C2saglJLPUi8O7pU,visidec - focus double swing arm mount - polished silver,126.68
AVpg-Wj61cnluZ0-8sZe,64gb high speed uhs-i sdxc u3 memory card (class 10),58.73
AVpinajALJeJML43nZV8,a-s801 integrated amplifier (silver),899.97
AVwsxGnCU2_QcyX9RyCk,corsair - ml series 140mm case cooling fan - white,36.78
AV1YF6vzvKc47QAVgqFr,rs 195 digital wireless headphone system,430.8
AVphAj0QilAPnD_x0FhM,"lp-e6n lithium-ion battery pack (7.2v, 1865mah)",190.17
AV1YHr0_-jtxr-f31NdW,24-70mm f/2.8 gm lens and 82mm circular polarizer filter kit,2316.07
AV0oxhu8vKc47QAVf8Pw,yamaha rx-v383bl 5.1-channel 4k ultra hd av receiver with bluetooth,254.65
AVphV9sX1cnluZ0-BUpq,"sanus tilt tv wall mount for 46 - 90"" - bracket fits most led""",166.23
AVpfUijE1cnluZ0-ikFo,rugged book keyboard and case for ipad air 2,126.21
AVpfIODe1cnluZ0-eg35,cyber-shot dsc-wx220 digital camera (black),212.65
AVpgmq0TilAPnD_xuyNV,heos 1 series 2 wireless speaker pair and go pack kit (black),249.14
AVpe-JYpLJeJML43zgRH,silencio 352 microatx case (black),66.6
AV13IiJCvKc47QAVnld8,pyle - amplifier - black,204.67
AVwsxEumU2_QcyX9RyCK,crystal 460x rgb mid-tower case,143.22
AWDfoawOuC1rwyj_ldUI,peak design slide strap 2.0 camera strap,64.95
AVzxt6Mb-jtxr-f3z5_B,details about anker powercore 20000 qc 3.0 black a1272h11,40.25
AVphihSUilAPnD_x6mXX,"lightning charge and sync cable, black",12.49
AVpiGOez1cnluZ0-JzNW,128gb ipod touch (gold) (6th generation),323.91
AVpf7PsHilAPnD_xkn6H,p-series 55-class uhd smartcast led home theater display,882.26
AVpgmhvuilAPnD_xuwLk,as-5i pro sport earphones (blue),79.0
AV8whL5eHh53nbDR-yBh,wd 4tb my cloud home personal cloud storage - wdbvxc0040hwt-nesn,203.41
AVpfHcah1cnluZ0-eQLY,sp-fs52 andrew jones designed floorstanding loudspeaker,141.5
AV13EBmMvKc47QAVni6i,kenwood kdc-hd262u cd receiver with built-in hd radio,78.68
AWAiLmnZHh53nbDRB184,sony - wf 1000x true wireless in-ear noise canceling headphones - black,192.0
AVzSv0q-vKc47QAVd60B,mu9000-series 65-class hdr uhd smart led tv,2264.11
AVphIUMBilAPnD_x1qCs,"martinlogan - dynamo 500 10 360-watt powered subwoofer - black""",440.82
AVs1UXObQMlgsOJE7brT,hp envy 34-b010 34-inch curved all-in-one computer (intel core i7-7700t,1906.56
AWH8KlPuuC1rwyj_oPzR,samsung 860 evo 500gb 2.5 inch sata iii internal ssd (mz-76e500b/am),143.59
AVpfL8HBilAPnD_xWyLG,universal projector mount with 3 extension column,106.01
AVphsdw21cnluZ0-FWwn,kicker - frontrow 6-channel digital signal processor - black,241.65
AVqkH8TtU2_QcyX9O0rJ,xbr-x850e-series 75-class hdr uhd smart led tv,2866.84
AWHkCHGSYSSHbkXwxLTx,victrola - bluetooth stereo turntable - map,53.49
AVphIbvi1cnluZ0--vFy,corsair - vengeance series 16gb (2pk 8gb) 2.4ghz ddr4 laptop memory - black,184.99
AWK80MDaYSSHbkXwzOPK,"intuos creative pen tablet (small, black)",79.97
AVpe48Es1cnluZ0-ZHZU,yamaha rx-v479bl 5.1-channel av receiver (black),366.64
AV1YFZVDvKc47QAVgp7V,"4tb network oem hdd retail kit (8-pack, wd40efrx, red drives)",518.09
AV_OFKchHh53nbDRAGv9,details about samsung gear fit2 pro fitness smartwatch red,174.99
AVpfXjw8LJeJML437-AV,get up stand bluetooth home audio system,268.73
AVpfYKih1cnluZ0-jsHP,corsair hydro series h100i v2 aio liquid cpu cooler,119.15
AVpgqcjR1cnluZ0-4riR,r120wh2 ezframe 2 58.7 x 104.7 fixed frame projection screen,583.91
AVpfvvEv1cnluZ0-qhEo,h.ear go wireless speaker (viridian blue),184.49
AV2Zso-9GV-KLJ3al19m,sony - sf-uy2 series 64gb sdxc uhs-i memory card,47.79
AVpghnMgilAPnD_xtpQd,"64gb high speed microsdxc uhs-i memory card (class 10, u3)",61.62
AVphKMUT1cnluZ0-_E1m,audioquest - rje cinnamon 2.5' ethernet cable - black/red,75.67
AVpfSFAYLJeJML436OWI,sennheiser - hd 800 over-the-ear headphones - silver/black,1347.26
AVpe6WsvLJeJML43yIEe,"bic america rtr1530 15 rtr series 3-way tower speaker""",161.78
AVpf1xKf1cnluZ0-sPxw,480gb extreme pro solid state drive,220.2
AVphOTrFLJeJML43YULP,"kicker dsc44 4 d-series 2-way car speakers with 1/2"" tweeters""",27.34
AVpf2f35ilAPnD_xjcBx,"insignia™ - battery charger for acer, hp and samsung chromebooks - black",53.99
AV21LMg6GV-KLJ3amVZi,optoma - uhd60 4k dlp projector with high dynamic range - white,1776.15
AVpf1bFpLJeJML43Emhv,seethru hard shell case for 13 macbook pro (clear),35.32
AVpgHHF01cnluZ0-wo3k,definitive technology - mythos 2-way 175 w speaker - pack of 1 - black,399.66
AVpiMIyE1cnluZ0-K0TA,alpine - rear view camera - black,149.95
AVpfIbUxLJeJML433DsT,sennheiser momentum 2.0 for samsung galaxy - black,302.48
AV0OpLQ3GV-KLJ3achNd,re270k ac750 wi-fi range extender with smart plug,56.33
AVpgElwvLJeJML43Idrn,aluratek airmm03f wi-fi internet radio streaming pandora,89.0
AVpfe3Ba1cnluZ0-lgks,dell dw316 external usb slim dvd r/w optical drive 429-aaux,41.01
AV50n1VnGV-KLJ3ax_ED,"galaxy note 8 sm-n950u 64gb smartphone (unlocked, midnight black)",891.28
AVpfs_O11cnluZ0-ptWU,sony htst9 soundbar with wireless subwoofer bluetooth and google cast,1039.99
AVqlHaLknnc1JgDc3m5y,details about logitech g403 prodigy wireless gaming mouse,75.07
AVpfVLZp1cnluZ0-iw-7,ecoxgear ecocarbon bluetooth waterproof speaker (black),105.7
AVpf5WkYilAPnD_xkKb9,"jvc kw-v220bt dvd/cd/usb receiver with bluetooth and 6.2 touchscreen""",204.99
AV2sDBRw-jtxr-f39s-y,expert mouse wireless trackball,88.49
AVqVGaCCU2_QcyX9Ozcf,"15.4 macbook pro with touch bar (late 2016, space gray)",2036.52
AV1YFq_KvKc47QAVgqBw,tivo mini receiver,156.87
AVpflvQNLJeJML43ABEf,oc100t tilt mount for 23 to 42 tvs (black),58.5
AVs1TvG9nnc1JgDc4f0A,17.3 we72 7rj mobile workstation,1784.81
AVpfYbvlLJeJML438OyO,energizer nikon d5100/3100 battery grip,51.9
AVpjVjlCLJeJML43uD8X,mini solar cell phone charger,14.92
AV14DyxYvKc47QAVnx9a,toshiba - 2tb internal sata hard drive for desktops,79.41
AVwjd3Tiv8e3D1O-nnLd,pioneer - xdp-300r 32gb* video mp3 player - black,649.97
AVz8zq-zglJLPUi8HFJg,rand mcnally 7 connected car tablet overdryve 7c,105.87
AVpgVvUSilAPnD_xrGqa,cerwin vega - sl series 2-way center-channel loudspeaker - black,181.14
AVpf4eTEilAPnD_xj8az,sima - multi-zone speaker selectors with volume controls - black,177.65
AVpi8zEw1cnluZ0-SH8V,"lowepro dashpoint avc 1, blue",15.83
AVqVGHT0v8e3D1O-ldB-,"sony xav-ax100 6.4 car play/android auto media receiver with bluetooth""",399.26
AV15Am6v-jtxr-f38Rtj,details about sony kd70x690e 70inch 4k ultra hd smart led tv (2017 model),1536.39
AVphCBWM1cnluZ0-9bKX,visiontek black label 8gb ddr3 sdram memory module,62.69
AVpiBS5p1cnluZ0-I7bg,gosafe s30 1080p dash cam,129.96
AVqVGOLmU2_QcyX9OzaC,"mevo live event camera kit with mevo boost, stand case (black)",355.82
AVqVGVZYv8e3D1O-ldFb,sideclick - universal remote attachment for roku® streaming players - black,33.82
AVpff-RMLJeJML43-Sh-,sharp - 50w executive hi-fi component system - black,148.81
AWFbOTMQuC1rwyj_nKwZ,wacom wireless accessory kit for bamboo and intuos tablets (ack40401),41.02
AV13D7U_vKc47QAVni1h,cooler master - haf x ultimate full-tower chassis - black,185.73
AVpfX03ALJeJML438DC6,vpl-hw45es full hd home theater projector (black),1751.62
AVpfHnkMilAPnD_xVWCC,hp - bluetooth laser mouse - black,30.68
AVpft3YCilAPnD_xg-CP,"electric100h spectrum motorized projection screen (49 x 87, 110v, 60hz)",199.47
AVpfIWCJilAPnD_xVlzE,x6d x105-rf-x1-bby rechargeable active rf/bluetooth 3d glasses full hd,38.99
AVpfPEx61cnluZ0-gyT9,samsung - adaptive fast charging wall charger - white,16.8
AVpfVpNi1cnluZ0-i6p5,"musiccast wireless speaker, white",223.81
AVphZeXUilAPnD_x47pt,audioquest - dragonfly black usb dac and headphone amp v1.5 - black,98.65
AVzxtGzMvKc47QAVfTV8,"monster superstar backfloat high-definition bluetooth speaker, neon green",115.46
AVpgd-PjilAPnD_xs1mZ,diamond gc1500 hd video capture/game box recorder for windows,97.49
AWBEOV5nHh53nbDRCJgI,sennheiser cx 7.00bt wireless in-ear headphone,149.96
AWLWo1jUuC1rwyj_qO3k,"samsung - 55 class - led - q8f series - 2160p - smart - 4k uhd tv with hdr""",2163.13
AWIm6-ZpIwln0LfXkBQX,x900f-series 55-class hdr uhd smart led tv,1398.66
AV1YF0uvglJLPUi8IGic,samsung snh-p6410bn smartcam hd pro 1080p wifi ip camera,172.53
AVwjc_-jv8e3D1O-nnKy,olympus tg-5 waterproof camera with 3-inch lcd,469.76
AV0ox1E0vKc47QAVf8Pz,yamaha - aventage 7.2-ch. 4k ultra hd a/v home theater receiver - black,914.88
AVpgJWl_1cnluZ0-xKC3,onkyo m-5010 2-channel amplifier (black),256.31
AVphvlLfilAPnD_x81a2,bose® - companion® 20 multimedia speaker system (2-piece) - white,237.0
AV4GSEssglJLPUi8SbrB,samsung - galaxy j3 4g lte with 16gb memory cell phone (unlocked) - black,148.49
AVpfiRcdilAPnD_xdfwQ,panamax - 8-outlet power conditioner/surge protector - gray,60.13
AVpe7f2rLJeJML43yi3P,ns-pa40 5.1-channel speaker system (black),349.97
AVpfC_9v1cnluZ0-cuhn,r-s300 natural sound stereo receiver,277.31
AV1YFFAIGV-KLJ3adcob,sandisk - extreme pro 64gb sdxc uhs-ii memory card,140.99
AVphdi9-ilAPnD_x5saO,xd3 - 3 active desktop monitor system (pair),112.74
AVpi-KBm1cnluZ0-SU21,definitive technology - wireless audio adapter - black/silver,323.79
AVpibYTnLJeJML43lmGY,"sharp aquos n7000 65 class 4k ultra wifi smart led hdtv""",1032.11
AVpgfuqcLJeJML43OsKt,roll bar mount,25.77
AVpe7OvBLJeJML43ycsp,"isimple - stronghold headrest mount for most 7 - 10.2"" tablets - black""",30.56
AWFKEUxkuC1rwyj_nF67,wd - my book 6tb external usb 3.0 hard drive - black,173.74
AVphcp_silAPnD_x5h7q,stile collection bella iv shoulder bag (black),24.66
AV1h-XnaglJLPUi8Ijco,hdr-as200v full hd action cam,317.87
AVpgFvMuLJeJML43IwJi,"atrend-bbox 10 dual front-fire enclosure for dodge ram 19962002""",88.54
AVpgSxBfLJeJML43L4HH,bose soundlink color bluetooth speaker (black),95.66
AVpgkbEJ1cnluZ0-3UNS,sennheiser - cx 3.00 earbud headphones - red,37.26
AV4d7ZruvKc47QAVrsW9,"samsung - 49 class (48.5"" diag.) - led - 1080p - smart - hdtv""",416.66
AV1YFqwjglJLPUi8IGfb,tl-sg108 8-port 10/100/1000 mbps unmanaged desktop switch,26.57
AVphLdXD1cnluZ0-_UqX,vg939sm 19 ergonomic led lcd multimedia display,170.11
AVqkJJNMQMlgsOJE6f5G,apple mnf72ll/a 61w usb-c power adapter,55.67
AVpiF2efilAPnD_xApKK,isimple - tranzit bluetooth factory radio module - black,83.16
AVpf3h8LLJeJML43FK1A,zoom - h1 handy recorder - black,124.31
AWFFTzcwYSSHbkXwwCzw,"refurbished tcl 49 class 4k (2160p) roku smart led tv (49s405)""",356.99
AVpgDzKlilAPnD_xmy6R,"bic america - 6-1/2 floor speaker (each) - black""",143.74
AVpiZYNc1cnluZ0-M4Wp,refurbished jaybird f5-s-b freedom f5 in-ear wireless headphones - carbon,129.11
AVpgP2PVilAPnD_xpr60,1080p day/night ptz speed dome camera with 5 to 61mm auto focus lens,450.24
AV2ZpBfQ-jtxr-f39lSG,sanus wss2-w1 white sonos speaker stands,92.85
AVpfiR8BilAPnD_xdf6J,capturepro camera clip with proplate,147.38
AVpe77ZXLJeJML43ysuz,4gb nw-ws413 sports walkman digital music player (black),86.08
AVpiNkstLJeJML43jdxI,jbl trip visor mount portable bluetooth hands-free kit (black),131.37
AVqVGQr8U2_QcyX9Oza4,relays sports wireless in-ear headphones (gray),62.3
AVpfj2951cnluZ0-m-df,sandisk 8gb clip jam mp3 player (pink),37.77
AVphtx6BilAPnD_x8hCO,lumix g 25mm f/1.7 asph. lens,193.02
AVpimXsUilAPnD_xFsXu,onkyo tx-nr555 7.2-channel network a/v receiver,341.88
AVpe7KnLilAPnD_xQ_jf,isimple - blustream bluetooth factory radio module - black,37.02
AVqkGdtwnnc1JgDc3kGs,jabra sport coach special edition sport headset,114.99
AVpe627E1cnluZ0-Z1XF,yamaha - 30w desktop audio system - white,334.87
AV7tZTTYYSSHbkXwokf2,pro-ject - box e digital-to-analog converter - black,79.98
AV1YGRRq-jtxr-f31NVc,r6i in-ear headphones (black),68.59
AVpfHyx-LJeJML43217r,pa248q 24 led backlit ips widescreen monitor,309.89
AVpjY0V_ilAPnD_xM_Bb,bose soundtrue around-ear headphones ii - apple devices,114.49
AVpgMwSVLJeJML43KZfY,presonus - eris e8 2-way active studio monitor (each) - black,229.13
AVpgEZe61cnluZ0-v9uU,"polk audio - dual 6.5 center-channel speaker - cherry""",1149.73
AVpfnKNvilAPnD_xe_vG,audioquest - rje cinnamon 4.9' ethernet cable - black/red,89.67
AVws-n_7U2_QcyX9R2Oe,i.am+ buttons,199.82
AVpe_acjLJeJML43z8pV,"heos 5 wireless speaker system (series 2, white)",349.49
AVpiW9hn1cnluZ0-MgBn,ax860i digital atx 860w power supply,204.49
AVpi7cKLLJeJML43qUfQ,zte warp elite no contract phone - retail packaging - boost,76.69
AWFFJGBBHh53nbDRFyNR,"lg - 55 class - led - uj7700 series - 2160p - smart - 4k uhd tv with hdr""",1002.83
AVqVHlLeQMlgsOJE6eg7,level active wireless in-ear headphones (black),65.59
AV03evLPGV-KLJ3adEOo,jbl everest 750 over-ear wireless bluetooth headphones (gun metal),278.87
AV1YtWoW-jtxr-f31VSn,gp60nb50 8x super-multi portable dvd rewriter with m-disc,34.92
AVphJhbELJeJML43XYVa,nd case for ipad mini 1/2/3 (black),67.75
AWKuk69CHh53nbDRIyJ2,mx anywhere 2s wireless mouse,59.3
AVpfSYlFLJeJML436UdP,sony - 5.1-ch. 3d / smart blu-ray home theater system - black,252.05
AVpiomnPLJeJML43nlpH,sony srsxb3/blk portable wireless speaker with bluetooth (black),86.78
AVpgRiy2LJeJML43Lk7h,pioneer gm-d8601 class d mono amplifier with wired bass boost remote,139.43
AVpf_MNQLJeJML43HChE,tough portable bluetooth speaker (black and silver),156.39
AVqVGVlKQMlgsOJE6eTy,elite sc-lx501 7.2-channel network a/v receiver,789.3
AV0A1J2_GV-KLJ3acahx,corsair cl-9011109-ww lighting node pro,54.75
AVphRnusLJeJML43Y7wt,"nb-13l lithium-ion battery pack (3.6v, 1250mah)",47.73
AVpf153xLJeJML43EvR2,"portable bluetooth wireless speaker, red",16.97
AVpgRCQgLJeJML43Lc56,inactive,32.59
AV13ChPDvKc47QAVnh7U,pylehome - lcd projector - silver/white,179.83
AVpgwmqC1cnluZ0-6Ary,yamaha - mini hi-fi system - 40 w rms - ipod supported - piano black,344.97
AVpi-XdoLJeJML43qxdi,"um pro10 single-driver universal in-ear monitors (blue, first generation)",137.49
AVpiGuIm1cnluZ0-J4x4,spartan - 1-target 24x dvd/cd duplicator - black,182.99
AVpgUl_U1cnluZ0-z3Gz,elite a-20 2-channel integrated amplifier,266.33
AVpfeG5oilAPnD_xcTsG,"yamaha - 6-1/2 2-way in-ceiling speakers (pair) - white""",129.53
AV1YF-rE-jtxr-f31NQi,cobra - radar and laser detector,117.42
AVpf-2hGilAPnD_xlfDv,"apple macbook - 12 - core m5 - 8 gb ram - 512 gb flash storage - english""",1246.81
AVzxl9XGvKc47QAVfStn,21.5 imac with retina 4k display (mid 2017),1437.81
AVqkGirov8e3D1O-leCF,pinnacle p1 high fidelity audiophile in-ear headphones,194.87
AVqkGfnSQMlgsOJE6fVs,klipsch x20i in-ear headphones,477.0
AVpf0KCjilAPnD_xixsO,bs-gs2024p 24 gigabit poe smart switch,402.66
AVpiTWaA1cnluZ0-L8i9,sf slim lens pouch 75 aw,34.3
AVpg8j-3LJeJML43Uvdl,um pro 30 triple-driver with 3-way crossover in-ear monitors (smoke),356.66
AVpgumyeilAPnD_xwkDK,eco style - sports voyage backpack - black/platinum,76.97
AVpe3sn51cnluZ0-YnkJ,120 bulb led video light (daylight),67.48
AVpgAwdqLJeJML43HdVe,phantom 410 mid-tower case (white),93.03
AVpiumIgilAPnD_xG_31,a-s801 integrated amplifier (black),898.73
AVpgQP5vLJeJML43LQbd,sony ultra-portable bluetooth speaker,49.01
AVpjQX4C1cnluZ0-U473,bose® - virtually invisible® 791 in-ceiling speakers ii (pair) - white,599.66
AVpfifVe1cnluZ0-mjMy,450 mbps 2.4/5ghz wireless n dual band pci express adapter,40.66
AVph6KT7ilAPnD_x-rMf,sony strdn1070 7.2-channel av receiver w/ bluetooth,480.37
AV1YDIi6vKc47QAVgpcL,af-s nikkor 85mm f/1.8g lens,441.16
AV1YFcBcGV-KLJ3adcyI,pny - 16 gb (2pk x 8gb) 1.8 ghz ddr3 dimm desktop memory kit - black,114.89
AV1dnwa1glJLPUi8IcCT,sandisk - ultra ii 960gb internal sata solid state drive for laptops,282.83
AVpgCttILJeJML43H-FM,bose® - soundsport® in-ear headphones (android) - charcoal,86.32
AVsRhL9qnnc1JgDc34iS,sony - xb20 portable bluetooth speaker - blue,83.38
AVpgGSKwLJeJML43I4wb,energizer - recharge rechargeable aa batteries (8-pack),26.5
AVpfvr461cnluZ0-qgHR,"yamaha - natural sound 6-1/2 3-way in-wall speakers (pair) - white""",157.49
AVzxqGmivKc47QAVfTIA,lg electronics oled65c7p 65-inch 4k ultra hd smart oled tv - refurbished,3060.32
AV7pbgtYHh53nbDR-dz-,samsung - led wallet cover for samsung galaxy s8 - black,45.6
AVpf_vBRilAPnD_xltwK,"polk audio - vanishing series rt 7 3-way in-ceiling speaker (each) - white""",190.39
AVpgzp3F1cnluZ0-6kgL,audioquest - sydney 4.9' rca-to-rca interconnect cable - dark gray/black,179.99
AVpfGDKYLJeJML432RLn,audioquest - rje vodka 4.9' ethernet cable - black/blue,339.99
AVpiNqCiLJeJML43jeuZ,"svs - 12 800w powered subwoofer - black""",1199.98
AWImbym8Hh53nbDRHk6w,x900f-series 75-class hdr uhd smart led tv,3649.0
AVwjhoD2v8e3D1O-nnNv,onkyo - tx 7.2-ch. network-ready a/v home theater receiver - black,373.06
AVpflVnGilAPnD_xecZy,lumix g 42.5mm f/1.7 asph. power o.i.s. lens,351.28
AVpfHy6S1cnluZ0-eXnS,bc 30 wireless backup camera with car adapter power cable,144.12
AVpe_semLJeJML430DAU,bc-trw w series battery charger (black),33.31
AVzxufilglJLPUi8G2HN,google daydream view - vr headset (slate),72.82
AV1YFGAl-jtxr-f31M9C,apple usb-c vga multiport adapter,37.96
AVpfv62D1cnluZ0-qkPY,h.ear go wireless speaker (cinnabar red),184.49
AV1YHuWeglJLPUi8IGzF,alpha a7 mirrorless digital camera with 28-70mm lens and battery kit,1252.97
AVpfWGrYLJeJML437hk2,cyber-shot dsc-rx100 v digital camera,977.94
AVphpQwR1cnluZ0-EyPP,"kicker - 6.5 2-way full-range speakers (pair) - white""",94.14
AVpgLoHn1cnluZ0-xrt6,ecoxgear - ecostone bluetooth waterproof speaker - blue,135.53
AVpgwOszLJeJML43SX0w,tiffen - 72mm neutral-density 0.9 lens filter,34.81
AVpe6fQ1ilAPnD_xQvv9,v-moda crossfade wireless over-ear headphones - phantom chrome,195.74
AVphSL2JLJeJML43ZCLZ,"hisense - 55 class - led - h8 series - 2160p - smart - 4k uhd tv with hdr""",586.89
AV1YFdlF-jtxr-f31NG4,details about optoma hd142x full hd 10980p 3d dlp home theater projector,571.64
AVpit06cLJeJML43oab2,sonos - connect wireless streaming music stereo component - white,361.29
AVpjVScG1cnluZ0-VnJk,mg7310-10 8x4 343 mbps docsis 3.0 cable modem n300 wi-fi router,77.99
AVpfy7KT1cnluZ0-rbvG,8gb clip jam mp3 player (black),36.04
AVpfdwURilAPnD_xcN_A,sandisk  extreme pro 32 gb sdhc,78.91
AVpfyTNZ1cnluZ0-rQfL,"fusion - 4 2-way marine speakers with polypropylene cones (pair) - white""",72.99
AVphTzSz1cnluZ0-A5O2,"pulse led light bulb with wireless speaker (pair, pewter)",112.91
AVphjNVhLJeJML43cNXo,house of marley - ttr over-the-ear headphones - silver/black,197.15
AVpif-lR1cnluZ0-N2u9,marantz - 280w 2.0-ch. stereo power amplifier - black,799.66
AVpgLYjnilAPnD_xonGt,"yamaha - 10 250w powered subwoofer - high-gloss piano black""",473.42
AVyn8_rsU2_QcyX9UDCW,"powerstation xxl three-usb 20,000mah battery pack (rose gold)",93.37
AVwjdjOXnnc1JgDc5uTu,v-moda crossfade 2 wireless over-ear headphone - matte black,303.15
AVphFe7t1cnluZ0--IL-,case for microsoft surface pro and pro 4 (black),63.26
AVpijCc5ilAPnD_xFNI6,um pro10 single-driver universal in-ear monitors (clear),137.49
AVpfAHy7ilAPnD_xSw71,2pj4280 - peerless-av wall mount for tablet pc,37.42
AVpfQFQ-1cnluZ0-hHW5,mm8077 7-channel power amplifier,2399.49
AVphvkgGLJeJML43eVIb,yamaha - a-s2100 320w 2-ch. integrated amplifier - black,3374.97
AVpfuAxyilAPnD_xhA9L,yamaha - 30w desktop audio system - black,334.16
AVpf3_M4ilAPnD_xj0ph,russound - 150w indoor/outdoor speaker (each) - black,215.98
AV1YDT2uvKc47QAVgpgi,sony xbr55x700d 55-inch 4k ultra hd smart led tv (2016 model),727.32
AVqkH8AHnnc1JgDc3kaB,"sony 43 class 4k uhd (2160p) smart led tv (xbr43x800e)""",730.81
AV15efdWGV-KLJ3akfh_,r8000p nighthawk x6s ac4000 wireless tri-band gigabit router,283.76
AVpfCW42ilAPnD_xTj0y,cd-c600 5-disc cd changer,287.47
AVpjOxDh1cnluZ0-UqZO,pny - 8gb 1.6 ghz ddr3 dimm desktop memory - green,71.74
AVpfCLYC1cnluZ0-cdN5,"kanto - sub8 8 120w powered subwoofer - gloss black""",266.66
AVpfpHOsLJeJML43BBoB,epson - home cinema 2045 lcd projector - white,692.63
AVpgaBHP1cnluZ0-1Cp6,russound - 2-way outdoor rock loudspeaker (each) - gray granite,171.66
AVphxbgP1cnluZ0-GOgn,microsoft - wireless comfort desktop 5050 curved keyboard and mouse - black,56.19
AWInTtJpYSSHbkXwx3pV,tivo - roamio ota vox 1tb digital video recorder - black,399.99
AVpfM8Rp1cnluZ0-gFTv,w650d-series 48-class full hd smart led tv,451.53
AVpfucJeLJeJML43Cmqq,boyo - concealed mount license plate camera with night vision - black,44.14
AVpfaey3LJeJML438zOU,master and dynamic mh40s2 award winning over-ear,374.62
AVqVHk9yU2_QcyX9Ozm8,house of marley,78.15
AVpfSiz2LJeJML436Xzf,beats solo 2 wireless on-ear headphone - white-(certified refurbished),174.49
AVpgHYROLJeJML43JKG9,dp-300f fully automatic turntable,250.96
AVtis_nnnnc1JgDc5VVK,led wallet cover for galaxy s8+ (black),44.22
AVphp9ZD1cnluZ0-E6Q1,lg - minibeam ph550 720p dlp projector - white,519.16
AVpiMOWkilAPnD_xBu_X,apple - ipad air 2 wi-fi + cellular 128gb - gold,464.85
AVqkH8PGU2_QcyX9O0rI,"sony - 55 class - led - x800e series - 2160p - smart - 4k uhd tv with hdr""",1162.54
AV1YHulm-jtxr-f31Ndj,4k video camera,392.33
AVpfm9_AilAPnD_xe8Dd,ysp-4300 digital sound projector wireless active subwoofer (black),1799.97
AVpgV_Dk1cnluZ0-0L_y,alpine pdxm12 1200w mono rms digital amplifier,849.99
AV1YFi6VGV-KLJ3adc08,samsung - 850 evo 500gb internal sata solid state drive for laptops and pc,185.82
AVpgNClnLJeJML43KdpA,"rca indoor digital tv antenna, amplified, 40-mile range",27.29
AV1YFL1ZglJLPUi8IGTm,universal foldable bluetooth keyboard for mobile devices,77.06
AVphVnUALJeJML43Zr9N,"details about alpine 400w 5.25 typee coaxial 2way car speakers | spe5000""",56.71
AVpfpp311cnluZ0-oudw,p101 ceiling projector mount (white),45.99
AV2Zozr6vKc47QAVpH4n,connect dual-headphone bluetooth audio transmitter,56.66
AVphrugr1cnluZ0-FOeH,ecoxgear ecostone bluetooth speaker,116.87
AVpfvGnyLJeJML43Cy-b,sherwood - 200w 2.0-ch. a/v home theater receiver - black,135.88
AVpfgjARLJeJML43-dTq,sandisk extreme compactflash memory card - 64 gb (sdcfxs-064g-a46),48.03
AWD3ssynIwln0LfXgpwF,benq - cinehome ht2050a 1080p dlp projector - white,749.5
AVpjX4QQilAPnD_xM2IQ,pro runner bp 450 aw ii backpack (black),249.05
AWOpWM18YSSHbkXw09Yj,samsung 850 evo 2tb 2.5-inch sata iii internal ssd (mz-75e2t0b/am),749.99
AV13EPfyGV-KLJ3akPCa,cobra - cdr895d front and rear camera dash cam - black,155.38
AVqPi8_6QMlgsOJE6c-y,details about netgear cm700 docsis 3.0 32x8 high speed cable modem,114.17
AVphAbip1cnluZ0-9HBE,mg278q 27 widescreen led backlit tn gaming monitor,501.46
AVpiJoY0LJeJML43iz5-,srs-xb2 portable bluetooth wireless speaker (red),63.53
AVqVGVn7nnc1JgDc3jFw,"insignia - fixed tv wall mount for most 40-70"" tvs - black ns-htvmf0c""",44.98
AV1_Im8jGV-KLJ3akyKW,"lg - 65 class - oled - b7a series - 2160p - smart - 4k uhd tv with hdr""",2987.16
AVpfhULY1cnluZ0-mN6h,sennheiser - rs 175 over-the-ear wireless headphone system - black,252.48
AV1YF-HWGV-KLJ3adc81,boombox+ bluetooth wireless speaker,61.38
AVpgLFoPLJeJML43KAsf,"power acoustik eg1-4500d edge series monoblock class d amp, 4,500 watts max",173.28
AV-pPOFauC1rwyj_ghHT,iogear - usb-c 4-in-1 4k uhd multiport laptop adapter,54.3
AWLX-N9tHh53nbDRJHOh,jbl - reflect contour 2 wireless in-ear headphones - black,99.97
AWLiJFrAIwln0LfXlwAw,"samsung - 65 class - led - q7f series - 2160p - smart - 4k uhd tv with hdr""",2590.66
AV1YDsmoGV-KLJ3adcbe,alpha a5100 mirrorless digital camera with 16-50mm lens (white),584.25
AVzxuJm9vKc47QAVfTmY,quickfit 22 stainless steel watch band (slate gray),137.98
AVpfsJ9lLJeJML43B7NH,sonic alert sb300ss sonic boom alarm clock white,44.4
AVrZCEGEv8e3D1O-loNg,powerstation plus mini 4000mah battery pack (gold),54.96
AVpfYqy7LJeJML438TIN,"power acoustik - mofo 15.50 1700 w woofer - royal blue""",146.39
AVpgUWOrLJeJML43MP3S,spartan - 3-target 24x dvd/cd duplicator - black,376.19
AVphq88q1cnluZ0-FFwx,sennheiser - digital headphone amplifier - silver,2199.97
AV13M7AH-jtxr-f38GAZ,m-audio - over-the-ear headphones - black,164.43
AVpjLZFZLJeJML43so0h,10tb g-drive with thunderbolt,612.47
AVqVHMYrv8e3D1O-ldLZ,dna 15 slim messenger bag (cobalt),159.95
AVpe6ZLXLJeJML43yJAz,apple - ipad mini 4 wi-fi + cellular 128gb - sprint - silver,367.1
AVpgGBWvilAPnD_xnWxj,"onkyo - dual 6-1/4 2-way floor speakers (pair) - black""",293.74
AVqVHCeSv8e3D1O-ldKD,panasonic - lumix g85 mirrorless camera with 12-60mm lens - black,943.09
AVrsXyTNv8e3D1O-louN,samsung galaxy tab s3 keyboard cover,97.87
AVpfMVD-ilAPnD_xW6bu,sony - bc-trx battery charger - black,27.7
AVpe-TEYilAPnD_xSIIL,thermaltake - smart series 650w bronze power supply - black,61.35
AV1YDKV-glJLPUi8IF6T,vs278q-p 27 16:9 lcd monitor,186.66
AVpirqtQilAPnD_xGjJb,details about skybell hd wifi 1080p video doorbell bronze (sh02300bz),191.37
AVpfSIe2ilAPnD_xYy87,audioquest - chocolate 16.5' 4k ultra hd in-wall hdmi cable - brown,289.98
AVpggdNaLJeJML43O2qK,v-moda - crossfade wireless headphones - gunmetal black,218.99
AWFFBU8JIwln0LfXiLtO,details about new logitech g230 981000541 headset,45.09
AVpfUsrxLJeJML437Ezd,lowepro - slingshot edge 250 aw camera backpack - black,72.5
B08N3J7GJ8,samsung galaxy s21,1800
B08FYTSXGQ,samsung galaxy s20,800
B07PFL39NH,samsung galaxy s10,500
B01KAKPRNO,ipad pro,1200
B08J61FCVN,ipad air,900
B08PMKQP79,iphone 12,1400
B07ZQSSKY4,iphone 11 ,1000
B08Z1C8NM9,sonos roam,350
B07W95RBZM,sonos move,730
B08ST1W4C3,ue boom 3,150
B08M91FTJW,jbl flip 5,125
B07XKF75B8,amazon echo,79
B083SNJYZP,google nest hub,129
B07PJXG49Q,sonos one,299
B07QHDL8XK,bose home speaker,401
B086DBR6T,sony srs-xb23,184
B01LNNBP9W,"kodak pixpro az252 point & shoot digital camera with 3” lcd, black",239.7
B072BK2K9V,"canon ixus 185 digital camera, red",179
B00861DI4U,"pentax 22177 da 50mm f1.8 lens for pentax dslr cameras, black",87.36
B00X8MRBCW,canon ef 50mm f/1.8 stm lens,154
B07FCMKK5X,"sandisk extreme a2 128gb microsdxc uhs-i u3 v30 (up to 160mb/s read, 90mb/s write) memory card sdsqxa1",32.2
B015CGRREI,"k&f concept 62'' dslr tripod, lightweight and compact aluminum camera tripod with 360 panorama ball head quick release plate for travel and work (tm2324 black)",129.99
B00K0P047E,"manfrotto mf t mkc'pactacn/bk compact action aluminium tripod with hybrid head, black",83.39
B00SR28V4A,"neewer 6x9 feet/1.8x2.8 meters photo studio 100 percent pure muslin collapsible backdrop background for photography, video and television (background only) - green",25.19
B07ZTQMLL9,"peak design beds-3-bk-2 everyday sling v2 mirrorless camera backpack, 3l, black",129
B075SBCB4W,"manfrotto lifestyle street csc sling/waistpack, green (mb ms-s-gr)",103.7
B086X2RHMC,"sony kd-43x8000h 43"" 4k ultra hd high dynamic range android led smart tv",1099.00
B01N5KGXUX,lg 22lj4540 22 inch full hd 1080p ips led tv,391
B07FF2VB43,"panasonic th-40fs500s fhd smart tv, black, 40""",687.85
B0897G4GWS,"samsung ua32t4300ak smart hd tv, 32""",329
B084BNBLQS,"hisense 32-inch class h4 series led roku smart tv with alexa compatibility (32h4f, 2020 model)",559.28
B07XB8WPNW,"sharp 2t-c42bd1x 42-inch 1080 hd ready led tv, black",492.2
B06XQW5FJH,vizio 24in d-series led smart tv 23.54in diag d24h-e1,517.68
B0899VRZH7,"philips 24pfs5535/12 24-inch tv (led tv, full hd, pixel plus hd, full-range speakers, 2 x hdmi, usb, 12v input) - glossy white (2020/2021 model)",362.58
B01M1D0KL1,pyle 15.6-inch 1080p led tv | ultra hd tv | led hi res widescreen monitor with hdmi cable rca input | led tv monitor | audio streaming | mac pc | stereo speakers | hd tv wall mount (ptvled15),874.25
B07QZZV9FK,tcl 40s325 40 inch 1080p smart led roku tv (2019),1011.34
B08N1RHYTB,sennheiser hd 250bt wireless dj-inspired headphone,99
B0756CYWWD,"bose 789564-0010 quietcomfort 35 ii wireless headphones, black",349
B07RQLRTR4,"aftershokz as800cb aeropex open-ear wireless waterproof bone conduction headphone, cosmic black",246.65
B07ZPC9QD4,apple airpods pro,277
B07NWBVQWK,"apple airpods with charging case, 2nd gen (mv7n2za/a) white",179
B084G9G18F,"samsung galaxy sm-r175n buds+, black",129
B08RDGKT9Z,"wireless earbuds soundpeats t2 bluetooth earphone hybrid active noise cancelling, bluetooth 5.1 in-ear earphones 30 hours playtime, usb-c quick charge anc earphones with transparency mode",55.93
B08M5MZBBG,"soundpeats trueair2 wireless earbuds bluetooth v5.2 earphones with 4 mic, cvc noise cancellation for clear calls headphones usb c, qualcomm 3040, aptx codec, total 25 hours playtim (pink)",37.79
B06XWL72HP,"jabra 100-55900000-02 evolve 20 uc stereo wired headphones, black 2.3",67
B01BNNOQL6,"urbanears active hellas bluetooth headphone, white/blue",47.84
B08P216138,apple macbook air (2020) mwtl2 256gb 13-inch retina display - gold,1450.00
B08N5LM1K3,"apple macbook pro (13-inch, 8gb ram, 256gb storage) - space gray",1750
